{
  "project_info": {
    "project_number": "289397635831",
    "firebase_url": "https://cts-projects.firebaseio.com",
    "project_id": "cts-projects",
    "storage_bucket": "cts-projects.appspot.com"
  },
  "client": [
    {
      "client_info": {
        "mobilesdk_app_id": "1:289397635831:android:32181e603772638f",
        "android_client_info": {
          "package_name": "com.cts.cts"
        }
      },
      "oauth_client": [
        {
          "client_id": "289397635831-6sdedvqnl0fcrhsmrrmsb4vsf5m9fd4o.apps.googleusercontent.com",
          "client_type": 3
        }
      ],
      "api_key": [
        {
          "current_key": "AIzaSyAxD0Mq2XteOWuScU7otbuu-tb9WywnErw"
        }
      ],
      "services": {
        "analytics_service": {
          "status": 1
        },
        "appinvite_service": {
          "status": 1,
          "other_platform_oauth_client": []
        },
        "ads_service": {
          "status": 2
        }
      }
    }
  ],
  "configuration_version": "1"
}